{"episode_rewards": [-97.0, -95.0, -97.0, -99.0, -93.0, -99.0, -95.0, -97.0], "episode_lengths": [2286, 2344, 2438, 2459, 2612, 3132, 2354, 2389], "initial_reset_timestamp": 1516918498.525563, "timestamps": [1516918502.523546, 1516918506.785286, 1516918508.910683, 1516918511.40434, 1516918513.927953, 1516918516.915361, 1516918518.95957, 1516918520.951213], "episode_types": ["t", "t", "t", "t", "t", "t", "t", "t", "t"]}