{"episode_rewards": [-97.0, -89.0, -99.0, -93.0, -99.0, -83.0, -89.0, -97.0, -93.0, -99.0, -87.0, -99.0, -85.0, -97.0, -85.0, -93.0, -81.0, -93.0, -97.0, -99.0, -89.0, -99.0, -69.0, -99.0, -85.0, -95.0, -91.0, -95.0, -93.0, -97.0, -99.0, -95.0, -89.0, -99.0, -99.0, -99.0, -99.0, -91.0, -97.0, -93.0, -99.0, -93.0, -99.0, -99.0, -99.0, -99.0, -83.0, -89.0, -89.0, -85.0], "episode_types": ["t", "t", "t", "t", "t", "t", "t", "t", "t", "t", "t", "t", "t", "t", "t", "t", "t", "t", "t", "t", "t", "t", "t", "t", "t", "t", "t", "t", "t", "t", "t", "t", "t", "t", "t", "t", "t", "t", "t", "t", "t", "t", "t", "t", "t", "t", "t", "t", "t", "t"], "timestamps": [1516151918.299241, 1516151923.427143, 1516151925.618272, 1516151928.346052, 1516151930.586139, 1516151932.892075, 1516151935.129104, 1516151937.475605, 1516151942.467773, 1516151944.740736, 1516151947.182291, 1516151949.387028, 1516151951.642681, 1516151953.601832, 1516151955.652054, 1516151958.684454, 1516151961.793196, 1516151964.445152, 1516151966.441746, 1516151968.830672, 1516151970.906066, 1516151973.268593, 1516151975.537728, 1516151977.721228, 1516151980.11589, 1516151981.85799, 1516151983.743601, 1516151987.542883, 1516151990.227889, 1516151992.389615, 1516151994.460795, 1516151996.516168, 1516151998.727533, 1516152000.800188, 1516152002.9417, 1516152004.969248, 1516152007.138868, 1516152009.548135, 1516152011.699857, 1516152013.967636, 1516152016.1901, 1516152018.435631, 1516152020.289109, 1516152022.969749, 1516152024.85454, 1516152026.714231, 1516152028.912211, 1516152031.004985, 1516152033.504308, 1516152035.622342], "episode_lengths": [2014, 2578, 2381, 2879, 2615, 2609, 2450, 2374, 2752, 2392, 2269, 2457, 2547, 2255, 2371, 3363, 3437, 2921, 2265, 2748, 2354, 2465, 2563, 2588, 2477, 2071, 2244, 2214, 2956, 2444, 2460, 2487, 2429, 2510, 2291, 2315, 2555, 2830, 2565, 2405, 2686, 2666, 2290, 2807, 2309, 2295, 2468, 2535, 2778, 2496], "initial_reset_timestamp": 1516151914.163936}